ProjectID,AgreementNumber,Stage,InitialEnrollmentStatus,ProjectType,LeadSource,LeadSourceOther,CboName,ReasonForOptOut,ReasonForIneligibility,BuildingType,SelectApplicableOtherResidentialAccomodationTypes,CaliforniaRegion,StreetNumber,StreetName,UnitNameOrNumber,City,ZipCode,CountyNorthern,CountyCentral,CountySouthern,CensusTract,AssemblyDistrict,SenateDistrict,CaliforniaClimateZone,DisadvantagedCommunity,Within12MileOfADisadvantagedCommunity,LowIncomeCommunity,OwnerOccupied,FirstNameOwner,LastNameOwner,CompanyOwner,PhoneOwner,EmailOwner,ProjectStatusDate,NumberOfOccupantsInHousehold,FirstNameOccupant,LastNameOccupant,PhoneOccupant,EmailOccupant,CurrentMonthlyRent,ElectricBillPaidBy,GasBillPaidBy,IncomeVerificationMethodology,IncomeVerificationMethodologyOther,HouseholdIncomeCategory,CategoricalEligibility,CategoricalEligibilityOther,ElectricUtilityNorthern,GasUtilityNorthern,ElectricUtilityCentral,GasUtilityCentral,ElectricUtilitySouthern,GasUtilitySouthern
N-AA-258200,EBD-25-000,Initial Enrollment,In progress,Single Family,CBO Direct Outreach,,Test CBO Name,,,Duplex (2 Units),Farmworker housing;Condominium,Northern,38th street,San Diago,5,Santa,56985,Sacramento,,,500000,40,20,12,No,No,Yes,TRUE, Test Owner 1,Test Owner Last,Test Company,1112223333,test@gmail.com,3/15/2025,10,,,,,,Owner,Owner,Pay stub,,Very low-income (31% to 50% AMI),,,Roseville Electric Utility,City of Palo Alto Utilities,,,,
N-AA-258201,EBD-25-000,Initial Enrollment,In progress,Single Family,CBO Direct Outreach,,Test CBO Name,,,Duplex (2 Units),Farmworker housing;Condominium,Northern,39th street,San Diago,5,Santa,56985,Sacramento,,,500000,40,20,12,No,No,Yes,TRUE, Test Owner 2,Test Owner Last,Test Company,1112223334,test@gmail.com,3/15/2025,10,,,,,,Owner,Owner,Pay stub,,Very low-income (31% to 50% AMI),,,Roseville Electric Utility,City of Palo Alto Utilities,,,,
N-AA-258202,EBD-25-000,Initial Enrollment,In progress,Single Family,CBO Direct Outreach,,Test CBO Name,,,Duplex (2 Units),Farmworker housing;Condominium,Northern,40th street,San Diago,5,Santa,56985,Sacramento,,,500000,40,20,12,No,No,Yes,TRUE, Test Owner 3,Test Owner Last,Test Company,1112223335,test@gmail.com,3/15/2025,10,,,,,,Owner,Owner,Pay stub,,Very low-income (31% to 50% AMI),,,Roseville Electric Utility,City of Palo Alto Utilities,,,,
N-AA-258203,EBD-25-000,Initial Enrollment,In progress,Single Family,CBO Direct Outreach,,Test CBO Name,,,Duplex (2 Units),Farmworker housing;Condominium,Northern,41st street,San Diago,5,Santa,56985,Sacramento,,,500000,40,20,12,No,No,Yes,TRUE, Test Owner 4,Test Owner Last,Test Company,1112223336,test@gmail.com,3/15/2025,10,,,,,,Owner,Owner,Pay stub,,Very low-income (31% to 50% AMI),,,Roseville Electric Utility,City of Palo Alto Utilities,,,,
N-AA-258204,EBD-25-000,Initial Enrollment,In progress,Single Family,CBO Direct Outreach,,Test CBO Name,,,Duplex (2 Units),Farmworker housing;Condominium,Northern,42nd street,San Diago,5,Santa,56985,Sacramento,,,500000,40,20,12,No,No,Yes,TRUE, Test Owner 5,Test Owner Last,Test Company,1112223337,test@gmail.com,3/15/2025,10,,,,,,Owner,Owner,Pay stub,,Very low-income (31% to 50% AMI),,,Roseville Electric Utility,City of Palo Alto Utilities,,,,
N-AA-258205,EBD-25-000,Initial Enrollment,In progress,Single Family,CBO Direct Outreach,,Test CBO Name,,,Duplex (2 Units),Farmworker housing;Condominium,Northern,43rd street,San Diago,5,Santa,56985,Sacramento,,,500000,40,20,12,No,No,Yes,TRUE, Test Owner 6,Test Owner Last,Test Company,1112223338,test@gmail.com,3/15/2025,10,,,,,,Owner,Owner,Pay stub,,Very low-income (31% to 50% AMI),,,Roseville Electric Utility,City of Palo Alto Utilities,,,,
N-AA-258206,EBD-25-000,Initial Enrollment,In progress,Single Family,CBO Direct Outreach,,Test CBO Name,,,Duplex (2 Units),Farmworker housing;Condominium,Northern,44th street,San Diago,5,Santa,56985,Sacramento,,,500000,40,20,12,No,No,Yes,TRUE, Test Owner 7,Test Owner Last,Test Company,1112223339,test@gmail.com,3/15/2025,10,,,,,,Owner,Owner,Pay stub,,Very low-income (31% to 50% AMI),,,Roseville Electric Utility,City of Palo Alto Utilities,,,,
N-AA-258207,EBD-25-000,Initial Enrollment,In progress,Single Family,CBO Direct Outreach,,Test CBO Name,,,Duplex (2 Units),Farmworker housing;Condominium,Northern,45th street,San Diago,5,Santa,56985,Sacramento,,,500000,40,20,12,No,No,Yes,TRUE, Test Owner 8,Test Owner Last,Test Company,1112223340,test@gmail.com,3/15/2025,10,,,,,,Owner,Owner,Pay stub,,Very low-income (31% to 50% AMI),,,Roseville Electric Utility,City of Palo Alto Utilities,,,,
N-AA-258208,EBD-25-000,Initial Enrollment,In progress,Single Family,CBO Direct Outreach,,Test CBO Name,,,Duplex (2 Units),Farmworker housing;Condominium,Northern,46th street,San Diago,5,Santa,56985,Sacramento,,,500000,40,20,12,No,No,Yes,TRUE, Test Owner 9,Test Owner Last,Test Company,1112223341,test@gmail.com,3/15/2025,10,,,,,,Owner,Owner,Pay stub,,Very low-income (31% to 50% AMI),,,Roseville Electric Utility,City of Palo Alto Utilities,,,,
N-AA-258209,EBD-25-000,Initial Enrollment,In progress,Single Family,CBO Direct Outreach,,Test CBO Name,,,Duplex (2 Units),Farmworker housing;Condominium,Northern,47th street,San Diago,5,Santa,56985,Sacramento,,,500000,40,20,12,No,No,Yes,TRUE, Test Owner 10,Test Owner Last,Test Company,1112223342,test@gmail.com,3/15/2025,10,,,,,,Owner,Owner,Pay stub,,Very low-income (31% to 50% AMI),,,Roseville Electric Utility,City of Palo Alto Utilities,,,,
N-AA-258210,EBD-25-000,Initial Enrollment,In progress,Single Family,CBO Direct Outreach,,Test CBO Name,,,Duplex (2 Units),Farmworker housing;Condominium,Northern,48th street,San Diago,5,Santa,56985,Sacramento,,,500000,40,20,12,No,No,Yes,TRUE, Test Owner 11,Test Owner Last,Test Company,1112223343,test@gmail.com,3/15/2025,10,,,,,,Owner,Owner,Pay stub,,Very low-income (31% to 50% AMI),,,Roseville Electric Utility,City of Palo Alto Utilities,,,,
N-AA-258211,EBD-25-000,Initial Enrollment,In progress,Single Family,CBO Direct Outreach,,Test CBO Name,,,Duplex (2 Units),Farmworker housing;Condominium,Northern,49th street,San Diago,5,Santa,56985,Sacramento,,,500000,40,20,12,No,No,Yes,TRUE, Test Owner 12,Test Owner Last,Test Company,1112223344,test@gmail.com,3/15/2025,10,,,,,,Owner,Owner,Pay stub,,Very low-income (31% to 50% AMI),,,Roseville Electric Utility,City of Palo Alto Utilities,,,,
N-AA-258212,EBD-25-000,Initial Enrollment,Opt out,Single Family,CBO Direct Outreach,,Test CBO Name,Test Opt 1,,Duplex (2 Units),Farmworker housing;Condominium,Northern,50th street,San Diago,5,Santa,56985,Sacramento,,,500000,40,20,12,No,No,Yes,TRUE, Test Owner 13,Test Owner Last,Test Company,1112223345,test@gmail.com,3/15/2025,10,,,,,,Owner,Owner,Pay stub,,Very low-income (31% to 50% AMI),,,Roseville Electric Utility,City of Palo Alto Utilities,,,,
N-AA-258213,EBD-25-000,Initial Enrollment,Opt out,Single Family,CBO Direct Outreach,,Test CBO Name,Test Opt 2,,Duplex (2 Units),Farmworker housing;Condominium,Northern,51st street,San Diago,5,Santa,56985,Sacramento,,,500000,40,20,12,No,No,Yes,TRUE, Test Owner 14,Test Owner Last,Test Company,1112223346,test@gmail.com,3/15/2025,10,,,,,,Owner,Owner,Pay stub,,Very low-income (31% to 50% AMI),,,Roseville Electric Utility,City of Palo Alto Utilities,,,,
N-AA-258214,EBD-25-000,Initial Enrollment,Opt out,Single Family,CBO Direct Outreach,,Test CBO Name,Test Opt 3,,Duplex (2 Units),Farmworker housing;Condominium,Northern,52nd street,San Diago,5,Santa,56985,Sacramento,,,500000,40,20,12,No,No,Yes,TRUE, Test Owner 15,Test Owner Last,Test Company,1112223347,test@gmail.com,3/15/2025,10,,,,,,Owner,Owner,Pay stub,,Very low-income (31% to 50% AMI),,,Roseville Electric Utility,City of Palo Alto Utilities,,,,
N-AA-258215,EBD-25-000,Initial Enrollment,Opt out,Single Family,CBO Direct Outreach,,Test CBO Name,Test Opt 4,,Duplex (2 Units),Farmworker housing;Condominium,Northern,53rd street,San Diago,5,Santa,56985,Sacramento,,,500000,40,20,12,No,No,Yes,TRUE, Test Owner 16,Test Owner Last,Test Company,1112223348,test@gmail.com,3/15/2025,10,,,,,,Owner,Owner,Pay stub,,Very low-income (31% to 50% AMI),,,Roseville Electric Utility,City of Palo Alto Utilities,,,,
N-AA-258216,EBD-25-000,Initial Enrollment,Opt out,Single Family,CBO Direct Outreach,,Test CBO Name,Test Opt 5,,Duplex (2 Units),Farmworker housing;Condominium,Northern,54th street,San Diago,5,Santa,56985,Sacramento,,,500000,40,20,12,No,No,Yes,TRUE, Test Owner 17,Test Owner Last,Test Company,1112223349,test@gmail.com,3/15/2025,10,,,,,,Owner,Owner,Pay stub,,Very low-income (31% to 50% AMI),,,Roseville Electric Utility,City of Palo Alto Utilities,,,,
N-AA-258217,EBD-25-000,Initial Enrollment,Opt out,Single Family,CBO Direct Outreach,,Test CBO Name,Test Opt 6,,Duplex (2 Units),Farmworker housing;Condominium,Northern,55th street,San Diago,5,Santa,56985,Sacramento,,,500000,40,20,12,No,No,Yes,TRUE, Test Owner 18,Test Owner Last,Test Company,1112223350,test@gmail.com,3/15/2025,10,,,,,,Owner,Owner,Pay stub,,Very low-income (31% to 50% AMI),,,Roseville Electric Utility,City of Palo Alto Utilities,,,,
N-AA-258218,EBD-25-000,Initial Enrollment,Opt out,Single Family,CBO Direct Outreach,,Test CBO Name,Test Opt 7,,Duplex (2 Units),Farmworker housing;Condominium,Northern,56th street,San Diago,5,Santa,56985,Sacramento,,,500000,40,20,12,No,No,Yes,TRUE, Test Owner 19,Test Owner Last,Test Company,1112223351,test@gmail.com,3/15/2025,10,,,,,,Owner,Owner,Pay stub,,Very low-income (31% to 50% AMI),,,Roseville Electric Utility,City of Palo Alto Utilities,,,,
N-AA-258219,EBD-25-000,Initial Enrollment,Opt out,Single Family,CBO Direct Outreach,,Test CBO Name,Test Opt 8,,Duplex (2 Units),Farmworker housing;Condominium,Northern,57th street,San Diago,5,Santa,56985,Sacramento,,,500000,40,20,12,No,No,Yes,TRUE, Test Owner 20,Test Owner Last,Test Company,1112223352,test@gmail.com,3/15/2025,10,,,,,,Owner,Owner,Pay stub,,Very low-income (31% to 50% AMI),,,Roseville Electric Utility,City of Palo Alto Utilities,,,,
N-AA-258220,EBD-25-000,Initial Enrollment,Opt out,Single Family,CBO Direct Outreach,,Test CBO Name,Test Opt 9,,Duplex (2 Units),Farmworker housing;Condominium,Northern,58th street,San Diago,5,Santa,56985,Sacramento,,,500000,40,20,12,No,No,Yes,TRUE, Test Owner 21,Test Owner Last,Test Company,1112223353,test@gmail.com,3/15/2025,10,,,,,,Owner,Owner,Pay stub,,Very low-income (31% to 50% AMI),,,Roseville Electric Utility,City of Palo Alto Utilities,,,,
N-AA-258221,EBD-25-000,Initial Enrollment,Opt out,Single Family,CBO Direct Outreach,,Test CBO Name,Test Opt 10,,Duplex (2 Units),Farmworker housing;Condominium,Northern,59th street,San Diago,5,Santa,56985,Sacramento,,,500000,40,20,12,No,No,Yes,TRUE, Test Owner 22,Test Owner Last,Test Company,1112223354,test@gmail.com,3/15/2025,10,,,,,,Owner,Owner,Pay stub,,Very low-income (31% to 50% AMI),,,Roseville Electric Utility,City of Palo Alto Utilities,,,,
N-AA-258222,EBD-25-000,Initial Enrollment,Opt out,Single Family,CBO Direct Outreach,,Test CBO Name,Test Opt 11,,Duplex (2 Units),Farmworker housing;Condominium,Northern,60th street,San Diago,5,Santa,56985,Sacramento,,,500000,40,20,12,No,No,Yes,TRUE, Test Owner 23,Test Owner Last,Test Company,1112223355,test@gmail.com,3/15/2025,10,,,,,,Owner,Owner,Pay stub,,Very low-income (31% to 50% AMI),,,Roseville Electric Utility,City of Palo Alto Utilities,,,,
N-AA-258223,EBD-25-000,Initial Enrollment,Opt out,Single Family,CBO Direct Outreach,,Test CBO Name,Test Opt 12,,Duplex (2 Units),Farmworker housing;Condominium,Northern,61st street,San Diago,5,Santa,56985,Sacramento,,,500000,40,20,12,No,No,Yes,TRUE, Test Owner 24,Test Owner Last,Test Company,1112223356,test@gmail.com,3/15/2025,10,,,,,,Owner,Owner,Pay stub,,Very low-income (31% to 50% AMI),,,Roseville Electric Utility,City of Palo Alto Utilities,,,,
N-AA-258224,EBD-25-000,Initial Enrollment,Opt out,Single Family,CBO Direct Outreach,,Test CBO Name,Test Opt 13,,Duplex (2 Units),Farmworker housing;Condominium,Northern,62nd street,San Diago,5,Santa,56985,Sacramento,,,500000,40,20,12,No,No,Yes,TRUE, Test Owner 25,Test Owner Last,Test Company,1112223357,test@gmail.com,3/15/2025,10,,,,,,Owner,Owner,Pay stub,,Very low-income (31% to 50% AMI),,,Roseville Electric Utility,City of Palo Alto Utilities,,,,
N-AA-258225,EBD-25-000,Initial Enrollment,Opt out,Single Family,CBO Direct Outreach,,Test CBO Name,Test Opt 14,,Duplex (2 Units),Farmworker housing;Condominium,Northern,63rd street,San Diago,5,Santa,56985,Sacramento,,,500000,40,20,12,No,No,Yes,TRUE, Test Owner 26,Test Owner Last,Test Company,1112223358,test@gmail.com,3/15/2025,10,,,,,,Owner,Owner,Pay stub,,Very low-income (31% to 50% AMI),,,Roseville Electric Utility,City of Palo Alto Utilities,,,,
N-AA-258226,EBD-25-000,Initial Enrollment,Opt out,Single Family,CBO Direct Outreach,,Test CBO Name,Test Opt 15,,Duplex (2 Units),Farmworker housing;Condominium,Northern,64th street,San Diago,5,Santa,56985,Sacramento,,,500000,40,20,12,No,No,Yes,TRUE, Test Owner 27,Test Owner Last,Test Company,1112223359,test@gmail.com,3/15/2025,10,,,,,,Owner,Owner,Pay stub,,Very low-income (31% to 50% AMI),,,Roseville Electric Utility,City of Palo Alto Utilities,,,,
N-AA-258227,EBD-25-000,Initial Enrollment,Opt out,Single Family,CBO Direct Outreach,,Test CBO Name,Test Opt 16,,Duplex (2 Units),Farmworker housing;Condominium,Northern,65th street,San Diago,5,Santa,56985,Sacramento,,,500000,40,20,12,No,No,Yes,TRUE, Test Owner 28,Test Owner Last,Test Company,1112223360,test@gmail.com,3/15/2025,10,,,,,,Owner,Owner,Pay stub,,Very low-income (31% to 50% AMI),,,Roseville Electric Utility,City of Palo Alto Utilities,,,,
N-AA-258228,EBD-25-000,Initial Enrollment,Opt out,Single Family,CBO Direct Outreach,,Test CBO Name,Test Opt 17,,Duplex (2 Units),Farmworker housing;Condominium,Northern,66th street,San Diago,5,Santa,56985,Sacramento,,,500000,40,20,12,No,No,Yes,TRUE, Test Owner 29,Test Owner Last,Test Company,1112223361,test@gmail.com,3/15/2025,10,,,,,,Owner,Owner,Pay stub,,Very low-income (31% to 50% AMI),,,Roseville Electric Utility,City of Palo Alto Utilities,,,,
N-AA-258229,EBD-25-000,Initial Enrollment,Opt out,Single Family,CBO Direct Outreach,,Test CBO Name,Test Opt 18,,Duplex (2 Units),Farmworker housing;Condominium,Northern,67th street,San Diago,5,Santa,56985,Sacramento,,,500000,40,20,12,No,No,Yes,TRUE, Test Owner 30,Test Owner Last,Test Company,1112223362,test@gmail.com,3/15/2025,10,,,,,,Owner,Owner,Pay stub,,Very low-income (31% to 50% AMI),,,Roseville Electric Utility,City of Palo Alto Utilities,,,,
N-AA-258230,EBD-25-000,Initial Enrollment,Opt out,Single Family,CBO Direct Outreach,,Test CBO Name,Test Opt 19,,Duplex (2 Units),Farmworker housing;Condominium,Northern,68th street,San Diago,5,Santa,56985,Sacramento,,,500000,40,20,12,No,No,Yes,TRUE, Test Owner 31,Test Owner Last,Test Company,1112223363,test@gmail.com,3/15/2025,10,,,,,,Owner,Owner,Pay stub,,Very low-income (31% to 50% AMI),,,Roseville Electric Utility,City of Palo Alto Utilities,,,,
N-AA-258231,EBD-25-000,Initial Enrollment,Complete,Single Family,CBO Direct Outreach,,Test CBO Name,,,Duplex (2 Units),Farmworker housing;Condominium,Northern,69th street,San Diago,5,Santa,56985,Sacramento,,,500000,40,20,12,No,No,Yes,TRUE, Test Owner 32,Test Owner Last,Test Company,1112223364,test@gmail.com,3/15/2025,10,,,,,,Owner,Owner,Pay stub,,Very low-income (31% to 50% AMI),,,Roseville Electric Utility,City of Palo Alto Utilities,,,,
N-AA-258232,EBD-25-000,Initial Enrollment,Complete,Single Family,CBO Direct Outreach,,Test CBO Name,,,Duplex (2 Units),Farmworker housing;Condominium,Northern,70th street,San Diago,5,Santa,56985,Sacramento,,,500000,40,20,12,No,No,Yes,TRUE, Test Owner 33,Test Owner Last,Test Company,1112223365,test@gmail.com,3/15/2025,10,,,,,,Owner,Owner,Pay stub,,Very low-income (31% to 50% AMI),,,Roseville Electric Utility,City of Palo Alto Utilities,,,,
N-AA-258233,EBD-25-000,Initial Enrollment,Complete,Single Family,CBO Direct Outreach,,Test CBO Name,,,Duplex (2 Units),Farmworker housing;Condominium,Northern,71st street,San Diago,5,Santa,56985,Sacramento,,,500000,40,20,12,No,No,Yes,TRUE, Test Owner 34,Test Owner Last,Test Company,1112223366,test@gmail.com,3/15/2025,10,,,,,,Owner,Owner,Pay stub,,Very low-income (31% to 50% AMI),,,Roseville Electric Utility,City of Palo Alto Utilities,,,,
N-AA-258234,EBD-25-000,Initial Enrollment,Complete,Single Family,CBO Direct Outreach,,Test CBO Name,,,Duplex (2 Units),Farmworker housing;Condominium,Northern,72nd street,San Diago,5,Santa,56985,Sacramento,,,500000,40,20,12,No,No,Yes,TRUE, Test Owner 35,Test Owner Last,Test Company,1112223367,test@gmail.com,3/15/2025,10,,,,,,Owner,Owner,Pay stub,,Very low-income (31% to 50% AMI),,,Roseville Electric Utility,City of Palo Alto Utilities,,,,
N-AA-258235,EBD-25-000,Initial Enrollment,Complete,Single Family,CBO Direct Outreach,,Test CBO Name,,,Duplex (2 Units),Farmworker housing;Condominium,Northern,73rd street,San Diago,5,Santa,56985,Sacramento,,,500000,40,20,12,No,No,Yes,TRUE, Test Owner 36,Test Owner Last,Test Company,1112223368,test@gmail.com,3/15/2025,10,,,,,,Owner,Owner,Pay stub,,Very low-income (31% to 50% AMI),,,Roseville Electric Utility,City of Palo Alto Utilities,,,,
N-AA-258236,EBD-25-000,Initial Enrollment,Complete,Single Family,CBO Direct Outreach,,Test CBO Name,,,Duplex (2 Units),Farmworker housing;Condominium,Northern,74th street,San Diago,5,Santa,56985,Sacramento,,,500000,40,20,12,No,No,Yes,TRUE, Test Owner 37,Test Owner Last,Test Company,1112223369,test@gmail.com,3/15/2025,10,,,,,,Owner,Owner,Pay stub,,Very low-income (31% to 50% AMI),,,Roseville Electric Utility,City of Palo Alto Utilities,,,,
N-AA-258237,EBD-25-000,Initial Enrollment,Complete,Single Family,CBO Direct Outreach,,Test CBO Name,,,Duplex (2 Units),Farmworker housing;Condominium,Northern,75th street,San Diago,5,Santa,56985,Sacramento,,,500000,40,20,12,No,No,Yes,TRUE, Test Owner 38,Test Owner Last,Test Company,1112223370,test@gmail.com,3/15/2025,10,,,,,,Owner,Owner,Pay stub,,Very low-income (31% to 50% AMI),,,Roseville Electric Utility,City of Palo Alto Utilities,,,,
N-AA-258238,EBD-25-000,Initial Enrollment,Complete,Single Family,CBO Direct Outreach,,Test CBO Name,,,Duplex (2 Units),Farmworker housing;Condominium,Northern,76th street,San Diago,5,Santa,56985,Sacramento,,,500000,40,20,12,No,No,Yes,TRUE, Test Owner 39,Test Owner Last,Test Company,1112223371,test@gmail.com,3/15/2025,10,,,,,,Owner,Owner,Pay stub,,Very low-income (31% to 50% AMI),,,Roseville Electric Utility,City of Palo Alto Utilities,,,,
N-AA-258239,EBD-25-000,Initial Enrollment,Complete,Single Family,CBO Direct Outreach,,Test CBO Name,,,Duplex (2 Units),Farmworker housing;Condominium,Northern,77th street,San Diago,5,Santa,56985,Sacramento,,,500000,40,20,12,No,No,Yes,TRUE, Test Owner 40,Test Owner Last,Test Company,1112223372,test@gmail.com,3/15/2025,10,,,,,,Owner,Owner,Pay stub,,Very low-income (31% to 50% AMI),,,Roseville Electric Utility,City of Palo Alto Utilities,,,,
N-AA-258240,EBD-25-000,Initial Enrollment,Complete,Single Family,CBO Direct Outreach,,Test CBO Name,,,Duplex (2 Units),Farmworker housing;Condominium,Northern,78th street,San Diago,5,Santa,56985,Sacramento,,,500000,40,20,12,No,No,Yes,TRUE, Test Owner 41,Test Owner Last,Test Company,1112223373,test@gmail.com,3/15/2025,10,,,,,,Owner,Owner,Pay stub,,Very low-income (31% to 50% AMI),,,Roseville Electric Utility,City of Palo Alto Utilities,,,,
N-AA-258241,EBD-25-000,Initial Enrollment,Complete,Single Family,CBO Direct Outreach,,Test CBO Name,,,Duplex (2 Units),Farmworker housing;Condominium,Northern,79th street,San Diago,5,Santa,56985,Sacramento,,,500000,40,20,12,No,No,Yes,TRUE, Test Owner 42,Test Owner Last,Test Company,1112223374,test@gmail.com,3/15/2025,10,,,,,,Owner,Owner,Pay stub,,Very low-income (31% to 50% AMI),,,Roseville Electric Utility,City of Palo Alto Utilities,,,,
N-AA-258242,EBD-25-000,Initial Enrollment,Complete,Single Family,CBO Direct Outreach,,Test CBO Name,,,Duplex (2 Units),Farmworker housing;Condominium,Northern,80th street,San Diago,5,Santa,56985,Sacramento,,,500000,40,20,12,No,No,Yes,TRUE, Test Owner 43,Test Owner Last,Test Company,1112223375,test@gmail.com,3/15/2025,10,,,,,,Owner,Owner,Pay stub,,Very low-income (31% to 50% AMI),,,Roseville Electric Utility,City of Palo Alto Utilities,,,,
N-AA-258243,EBD-25-000,Initial Enrollment,Complete,Single Family,CBO Direct Outreach,,Test CBO Name,,,Duplex (2 Units),Farmworker housing;Condominium,Northern,81st street,San Diago,5,Santa,56985,Sacramento,,,500000,40,20,12,No,No,Yes,TRUE, Test Owner 44,Test Owner Last,Test Company,1112223376,test@gmail.com,3/15/2025,10,,,,,,Owner,Owner,Pay stub,,Very low-income (31% to 50% AMI),,,Roseville Electric Utility,City of Palo Alto Utilities,,,,
N-AA-258244,EBD-25-000,Initial Enrollment,Complete,Single Family,CBO Direct Outreach,,Test CBO Name,,,Duplex (2 Units),Farmworker housing;Condominium,Northern,82nd street,San Diago,5,Santa,56985,Sacramento,,,500000,40,20,12,No,No,Yes,TRUE, Test Owner 45,Test Owner Last,Test Company,1112223377,test@gmail.com,3/15/2025,10,,,,,,Owner,Owner,Pay stub,,Very low-income (31% to 50% AMI),,,Roseville Electric Utility,City of Palo Alto Utilities,,,,
N-AA-258245,EBD-25-000,Initial Enrollment,Complete,Single Family,CBO Direct Outreach,,Test CBO Name,,,Duplex (2 Units),Farmworker housing;Condominium,Northern,83rd street,San Diago,5,Santa,56985,Sacramento,,,500000,40,20,12,No,No,Yes,TRUE, Test Owner 46,Test Owner Last,Test Company,1112223378,test@gmail.com,3/15/2025,10,,,,,,Owner,Owner,Pay stub,,Very low-income (31% to 50% AMI),,,Roseville Electric Utility,City of Palo Alto Utilities,,,,
N-AA-258246,EBD-25-000,Initial Enrollment,Complete,Single Family,CBO Direct Outreach,,Test CBO Name,,,Duplex (2 Units),Farmworker housing;Condominium,Northern,84th street,San Diago,5,Santa,56985,Sacramento,,,500000,40,20,12,No,No,Yes,TRUE, Test Owner 47,Test Owner Last,Test Company,1112223379,test@gmail.com,3/15/2025,10,,,,,,Owner,Owner,Pay stub,,Very low-income (31% to 50% AMI),,,Roseville Electric Utility,City of Palo Alto Utilities,,,,
N-AA-258247,EBD-25-000,Initial Enrollment,Complete,Single Family,CBO Direct Outreach,,Test CBO Name,,,Duplex (2 Units),Farmworker housing;Condominium,Northern,85th street,San Diago,5,Santa,56985,Sacramento,,,500000,40,20,12,No,No,Yes,TRUE, Test Owner 48,Test Owner Last,Test Company,1112223380,test@gmail.com,3/15/2025,10,,,,,,Owner,Owner,Pay stub,,Very low-income (31% to 50% AMI),,,Roseville Electric Utility,City of Palo Alto Utilities,,,,
N-AA-258248,EBD-25-000,Initial Enrollment,Complete,Single Family,CBO Direct Outreach,,Test CBO Name,,,Duplex (2 Units),Farmworker housing;Condominium,Northern,86th street,San Diago,5,Santa,56985,Sacramento,,,500000,40,20,12,No,No,Yes,TRUE, Test Owner 49,Test Owner Last,Test Company,1112223381,test@gmail.com,3/15/2025,10,,,,,,Owner,Owner,Pay stub,,Very low-income (31% to 50% AMI),,,Roseville Electric Utility,City of Palo Alto Utilities,,,,
N-AA-258249,EBD-25-000,Initial Enrollment,Complete,Single Family,CBO Direct Outreach,,Test CBO Name,,,Duplex (2 Units),Farmworker housing;Condominium,Northern,87th street,San Diago,5,Santa,56985,Sacramento,,,500000,40,20,12,No,No,Yes,TRUE, Test Owner 50,Test Owner Last,Test Company,1112223382,test@gmail.com,3/15/2025,10,,,,,,Owner,Owner,Pay stub,,Very low-income (31% to 50% AMI),,,Roseville Electric Utility,City of Palo Alto Utilities,,,,
N-AA-258250,EBD-25-000,Initial Enrollment,Complete,Single Family,CBO Direct Outreach,,Test CBO Name,,,Duplex (2 Units),Farmworker housing;Condominium,Northern,88th street,San Diago,5,Santa,56985,Sacramento,,,500000,40,20,12,No,No,Yes,TRUE, Test Owner 51,Test Owner Last,Test Company,1112223383,test@gmail.com,3/15/2025,10,,,,,,Owner,Owner,Pay stub,,Very low-income (31% to 50% AMI),,,Roseville Electric Utility,City of Palo Alto Utilities,,,,
N-AA-258251,EBD-25-000,Initial Enrollment,Complete,Single Family,CBO Direct Outreach,,Test CBO Name,,,Duplex (2 Units),Farmworker housing;Condominium,Northern,89th street,San Diago,5,Santa,56985,Sacramento,,,500000,40,20,12,No,No,Yes,TRUE, Test Owner 52,Test Owner Last,Test Company,1112223384,test@gmail.com,3/15/2025,10,,,,,,Owner,Owner,Pay stub,,Very low-income (31% to 50% AMI),,,Roseville Electric Utility,City of Palo Alto Utilities,,,,
N-AA-258252,EBD-25-000,Initial Enrollment,Complete,Single Family,CBO Direct Outreach,,Test CBO Name,,,Duplex (2 Units),Farmworker housing;Condominium,Northern,90th street,San Diago,5,Santa,56985,Sacramento,,,500000,40,20,12,No,No,Yes,TRUE, Test Owner 53,Test Owner Last,Test Company,1112223385,test@gmail.com,3/15/2025,10,,,,,,Owner,Owner,Pay stub,,Very low-income (31% to 50% AMI),,,Roseville Electric Utility,City of Palo Alto Utilities,,,,
N-AA-258253,EBD-25-000,Initial Enrollment,Complete,Single Family,CBO Direct Outreach,,Test CBO Name,,,Duplex (2 Units),Farmworker housing;Condominium,Northern,91st street,San Diago,5,Santa,56985,Sacramento,,,500000,40,20,12,No,No,Yes,TRUE, Test Owner 54,Test Owner Last,Test Company,1112223386,test@gmail.com,3/15/2025,10,,,,,,Owner,Owner,Pay stub,,Very low-income (31% to 50% AMI),,,Roseville Electric Utility,City of Palo Alto Utilities,,,,
N-AA-258254,EBD-25-000,Initial Enrollment,Complete,Single Family,CBO Direct Outreach,,Test CBO Name,,,Duplex (2 Units),Farmworker housing;Condominium,Northern,92nd street,San Diago,5,Santa,56985,Sacramento,,,500000,40,20,12,No,No,Yes,TRUE, Test Owner 55,Test Owner Last,Test Company,1112223387,test@gmail.com,3/15/2025,10,,,,,,Owner,Owner,Pay stub,,Very low-income (31% to 50% AMI),,,Roseville Electric Utility,City of Palo Alto Utilities,,,,
N-AA-258255,EBD-25-000,Initial Enrollment,Complete,Single Family,CBO Direct Outreach,,Test CBO Name,,,Duplex (2 Units),Farmworker housing;Condominium,Northern,93rd street,San Diago,5,Santa,56985,Sacramento,,,500000,40,20,12,No,No,Yes,TRUE, Test Owner 56,Test Owner Last,Test Company,1112223388,test@gmail.com,3/15/2025,10,,,,,,Owner,Owner,Pay stub,,Very low-income (31% to 50% AMI),,,Roseville Electric Utility,City of Palo Alto Utilities,,,,
N-AA-258256,EBD-25-000,Initial Enrollment,Complete,Single Family,CBO Direct Outreach,,Test CBO Name,,,Duplex (2 Units),Farmworker housing;Condominium,Northern,94th street,San Diago,5,Santa,56985,Sacramento,,,500000,40,20,12,No,No,Yes,TRUE, Test Owner 57,Test Owner Last,Test Company,1112223389,test@gmail.com,3/15/2025,10,,,,,,Owner,Owner,Pay stub,,Very low-income (31% to 50% AMI),,,Roseville Electric Utility,City of Palo Alto Utilities,,,,
N-AA-258257,EBD-25-000,Initial Enrollment,Complete,Single Family,CBO Direct Outreach,,Test CBO Name,,,Duplex (2 Units),Farmworker housing;Condominium,Northern,95th street,San Diago,5,Santa,56985,Sacramento,,,500000,40,20,12,No,No,Yes,TRUE, Test Owner 58,Test Owner Last,Test Company,1112223390,test@gmail.com,3/15/2025,10,,,,,,Owner,Owner,Pay stub,,Very low-income (31% to 50% AMI),,,Roseville Electric Utility,City of Palo Alto Utilities,,,,
N-AA-258258,EBD-25-000,Initial Enrollment,Complete,Single Family,CBO Direct Outreach,,Test CBO Name,,,Duplex (2 Units),Farmworker housing;Condominium,Northern,96th street,San Diago,5,Santa,56985,Sacramento,,,500000,40,20,12,No,No,Yes,TRUE, Test Owner 59,Test Owner Last,Test Company,1112223391,test@gmail.com,3/15/2025,10,,,,,,Owner,Owner,Pay stub,,Very low-income (31% to 50% AMI),,,Roseville Electric Utility,City of Palo Alto Utilities,,,,
N-AA-258259,EBD-25-000,Initial Enrollment,Complete,Single Family,CBO Direct Outreach,,Test CBO Name,,,Duplex (2 Units),Farmworker housing;Condominium,Northern,97th street,San Diago,5,Santa,56985,Sacramento,,,500000,40,20,12,No,No,Yes,TRUE, Test Owner 60,Test Owner Last,Test Company,1112223392,test@gmail.com,3/15/2025,10,,,,,,Owner,Owner,Pay stub,,Very low-income (31% to 50% AMI),,,Roseville Electric Utility,City of Palo Alto Utilities,,,,
N-AA-258260,EBD-25-000,Initial Enrollment,Complete,Single Family,CBO Direct Outreach,,Test CBO Name,,,Duplex (2 Units),Farmworker housing;Condominium,Northern,98th street,San Diago,5,Santa,56985,Sacramento,,,500000,40,20,12,No,No,Yes,TRUE, Test Owner 61,Test Owner Last,Test Company,1112223393,test@gmail.com,3/15/2025,10,,,,,,Owner,Owner,Pay stub,,Very low-income (31% to 50% AMI),,,Roseville Electric Utility,City of Palo Alto Utilities,,,,
N-AA-258261,EBD-25-000,Initial Enrollment,Complete,Single Family,CBO Direct Outreach,,Test CBO Name,,,Duplex (2 Units),Farmworker housing;Condominium,Northern,99th street,San Diago,5,Santa,56985,Sacramento,,,500000,40,20,12,No,No,Yes,TRUE, Test Owner 62,Test Owner Last,Test Company,1112223394,test@gmail.com,3/15/2025,10,,,,,,Owner,Owner,Pay stub,,Very low-income (31% to 50% AMI),,,Roseville Electric Utility,City of Palo Alto Utilities,,,,
N-AA-258262,EBD-25-000,Initial Enrollment,Complete,Single Family,CBO Direct Outreach,,Test CBO Name,,,Duplex (2 Units),Farmworker housing;Condominium,Northern,100th street,San Diago,5,Santa,56985,Sacramento,,,500000,40,20,12,No,No,Yes,TRUE, Test Owner 63,Test Owner Last,Test Company,1112223395,test@gmail.com,3/15/2025,10,,,,,,Owner,Owner,Pay stub,,Very low-income (31% to 50% AMI),,,Roseville Electric Utility,City of Palo Alto Utilities,,,,
N-AA-258263,EBD-25-000,Initial Enrollment,Complete,Single Family,CBO Direct Outreach,,Test CBO Name,,,Duplex (2 Units),Farmworker housing;Condominium,Northern,101st street,San Diago,5,Santa,56985,Sacramento,,,500000,40,20,12,No,No,Yes,TRUE, Test Owner 64,Test Owner Last,Test Company,1112223396,test@gmail.com,3/15/2025,10,,,,,,Owner,Owner,Pay stub,,Very low-income (31% to 50% AMI),,,Roseville Electric Utility,City of Palo Alto Utilities,,,,
N-AA-258264,EBD-25-000,Initial Enrollment,Complete,Single Family,CBO Direct Outreach,,Test CBO Name,,,Duplex (2 Units),Farmworker housing;Condominium,Northern,102nd street,San Diago,5,Santa,56985,Sacramento,,,500000,40,20,12,No,No,Yes,TRUE, Test Owner 65,Test Owner Last,Test Company,1112223397,test@gmail.com,3/15/2025,10,,,,,,Owner,Owner,Pay stub,,Very low-income (31% to 50% AMI),,,Roseville Electric Utility,City of Palo Alto Utilities,,,,
N-AA-258265,EBD-25-000,Initial Enrollment,Complete,Single Family,CBO Direct Outreach,,Test CBO Name,,,Duplex (2 Units),Farmworker housing;Condominium,Northern,103rd street,San Diago,5,Santa,56985,Sacramento,,,500000,40,20,12,No,No,Yes,TRUE, Test Owner 66,Test Owner Last,Test Company,1112223398,test@gmail.com,3/15/2025,10,,,,,,Owner,Owner,Pay stub,,Very low-income (31% to 50% AMI),,,Roseville Electric Utility,City of Palo Alto Utilities,,,,
N-AA-258266,EBD-25-000,Initial Enrollment,Complete,Single Family,CBO Direct Outreach,,Test CBO Name,,,Duplex (2 Units),Farmworker housing;Condominium,Northern,104th street,San Diago,5,Santa,56985,Sacramento,,,500000,40,20,12,No,No,Yes,TRUE, Test Owner 67,Test Owner Last,Test Company,1112223399,test@gmail.com,3/15/2025,10,,,,,,Owner,Owner,Pay stub,,Very low-income (31% to 50% AMI),,,Roseville Electric Utility,City of Palo Alto Utilities,,,,
N-AA-258267,EBD-25-000,Initial Enrollment,Complete,Single Family,CBO Direct Outreach,,Test CBO Name,,,Duplex (2 Units),Farmworker housing;Condominium,Northern,105th street,San Diago,5,Santa,56985,Sacramento,,,500000,40,20,12,No,No,Yes,TRUE, Test Owner 68,Test Owner Last,Test Company,1112223400,test@gmail.com,3/15/2025,10,,,,,,Owner,Owner,Pay stub,,Very low-income (31% to 50% AMI),,,Roseville Electric Utility,City of Palo Alto Utilities,,,,
N-AA-258268,EBD-25-000,Initial Enrollment,Complete,Single Family,CBO Direct Outreach,,Test CBO Name,,,Duplex (2 Units),Farmworker housing;Condominium,Northern,106th street,San Diago,5,Santa,56985,Sacramento,,,500000,40,20,12,No,No,Yes,TRUE, Test Owner 69,Test Owner Last,Test Company,1112223401,test@gmail.com,3/15/2025,10,,,,,,Owner,Owner,Pay stub,,Very low-income (31% to 50% AMI),,,Roseville Electric Utility,City of Palo Alto Utilities,,,,
N-AA-258269,EBD-25-000,Initial Enrollment,Complete,Single Family,CBO Direct Outreach,,Test CBO Name,,,Duplex (2 Units),Farmworker housing;Condominium,Northern,107th street,San Diago,5,Santa,56985,Sacramento,,,500000,40,20,12,No,No,Yes,TRUE, Test Owner 70,Test Owner Last,Test Company,1112223402,test@gmail.com,3/15/2025,10,,,,,,Owner,Owner,Pay stub,,Very low-income (31% to 50% AMI),,,Roseville Electric Utility,City of Palo Alto Utilities,,,,
N-AA-258270,EBD-25-000,Initial Enrollment,Complete,Single Family,CBO Direct Outreach,,Test CBO Name,,,Duplex (2 Units),Farmworker housing;Condominium,Northern,108th street,San Diago,5,Santa,56985,Sacramento,,,500000,40,20,12,No,No,Yes,TRUE, Test Owner 71,Test Owner Last,Test Company,1112223403,test@gmail.com,3/15/2025,10,,,,,,Owner,Owner,Pay stub,,Very low-income (31% to 50% AMI),,,Roseville Electric Utility,City of Palo Alto Utilities,,,,
N-AA-258271,EBD-25-000,Initial Enrollment,Complete,Single Family,CBO Direct Outreach,,Test CBO Name,,,Duplex (2 Units),Farmworker housing;Condominium,Northern,109th street,San Diago,5,Santa,56985,Sacramento,,,500000,40,20,12,No,No,Yes,TRUE, Test Owner 72,Test Owner Last,Test Company,1112223404,test@gmail.com,3/15/2025,10,,,,,,Owner,Owner,Pay stub,,Very low-income (31% to 50% AMI),,,Roseville Electric Utility,City of Palo Alto Utilities,,,,
N-AA-258272,EBD-25-000,Initial Enrollment,Complete,Single Family,CBO Direct Outreach,,Test CBO Name,,,Duplex (2 Units),Farmworker housing;Condominium,Northern,110th street,San Diago,5,Santa,56985,Sacramento,,,500000,40,20,12,No,No,Yes,TRUE, Test Owner 73,Test Owner Last,Test Company,1112223405,test@gmail.com,3/15/2025,10,,,,,,Owner,Owner,Pay stub,,Very low-income (31% to 50% AMI),,,Roseville Electric Utility,City of Palo Alto Utilities,,,,
N-AA-258273,EBD-25-000,Initial Enrollment,Complete,Single Family,CBO Direct Outreach,,Test CBO Name,,,Duplex (2 Units),Farmworker housing;Condominium,Northern,111th street,San Diago,5,Santa,56985,Sacramento,,,500000,40,20,12,No,No,Yes,TRUE, Test Owner 74,Test Owner Last,Test Company,1112223406,test@gmail.com,3/15/2025,10,,,,,,Owner,Owner,Pay stub,,Very low-income (31% to 50% AMI),,,Roseville Electric Utility,City of Palo Alto Utilities,,,,
N-AA-258274,EBD-25-000,Initial Enrollment,Complete,Single Family,CBO Direct Outreach,,Test CBO Name,,,Duplex (2 Units),Farmworker housing;Condominium,Northern,112th street,San Diago,5,Santa,56985,Sacramento,,,500000,40,20,12,No,No,Yes,TRUE, Test Owner 75,Test Owner Last,Test Company,1112223407,test@gmail.com,3/15/2025,10,,,,,,Owner,Owner,Pay stub,,Very low-income (31% to 50% AMI),,,Roseville Electric Utility,City of Palo Alto Utilities,,,,
N-AA-258275,EBD-25-000,Initial Enrollment,Complete,Single Family,CBO Direct Outreach,,Test CBO Name,,,Duplex (2 Units),Farmworker housing;Condominium,Northern,113th street,San Diago,5,Santa,56985,Sacramento,,,500000,40,20,12,No,No,Yes,TRUE, Test Owner 76,Test Owner Last,Test Company,1112223408,test@gmail.com,3/15/2025,10,,,,,,Owner,Owner,Pay stub,,Very low-income (31% to 50% AMI),,,Roseville Electric Utility,City of Palo Alto Utilities,,,,
N-AA-258276,EBD-25-000,Initial Enrollment,Complete,Single Family,CBO Direct Outreach,,Test CBO Name,,,Duplex (2 Units),Farmworker housing;Condominium,Northern,114th street,San Diago,5,Santa,56985,Sacramento,,,500000,40,20,12,No,No,Yes,TRUE, Test Owner 77,Test Owner Last,Test Company,1112223409,test@gmail.com,3/15/2025,10,,,,,,Owner,Owner,Pay stub,,Very low-income (31% to 50% AMI),,,Roseville Electric Utility,City of Palo Alto Utilities,,,,
N-AA-258277,EBD-25-000,Initial Enrollment,Complete,Single Family,CBO Direct Outreach,,Test CBO Name,,,Duplex (2 Units),Farmworker housing;Condominium,Northern,115th street,San Diago,5,Santa,56985,Sacramento,,,500000,40,20,12,No,No,Yes,TRUE, Test Owner 78,Test Owner Last,Test Company,1112223410,test@gmail.com,3/15/2025,10,,,,,,Owner,Owner,Pay stub,,Very low-income (31% to 50% AMI),,,Roseville Electric Utility,City of Palo Alto Utilities,,,,
N-AA-258278,EBD-25-000,Initial Enrollment,Complete,Single Family,CBO Direct Outreach,,Test CBO Name,,,Duplex (2 Units),Farmworker housing;Condominium,Northern,116th street,San Diago,5,Santa,56985,Sacramento,,,500000,40,20,12,No,No,Yes,TRUE, Test Owner 79,Test Owner Last,Test Company,1112223411,test@gmail.com,3/15/2025,10,,,,,,Owner,Owner,Pay stub,,Very low-income (31% to 50% AMI),,,Roseville Electric Utility,City of Palo Alto Utilities,,,,
N-AA-258279,EBD-25-000,Initial Enrollment,Complete,Single Family,CBO Direct Outreach,,Test CBO Name,,,Duplex (2 Units),Farmworker housing;Condominium,Northern,117th street,San Diago,5,Santa,56985,Sacramento,,,500000,40,20,12,No,No,Yes,TRUE, Test Owner 80,Test Owner Last,Test Company,1112223412,test@gmail.com,3/15/2025,10,,,,,,Owner,Owner,Pay stub,,Very low-income (31% to 50% AMI),,,Roseville Electric Utility,City of Palo Alto Utilities,,,,
N-AA-258280,EBD-25-000,Initial Enrollment,Complete,Single Family,CBO Direct Outreach,,Test CBO Name,,,Duplex (2 Units),Farmworker housing;Condominium,Northern,118th street,San Diago,5,Santa,56985,Sacramento,,,500000,40,20,12,No,No,Yes,TRUE, Test Owner 81,Test Owner Last,Test Company,1112223413,test@gmail.com,3/15/2025,10,,,,,,Owner,Owner,Pay stub,,Very low-income (31% to 50% AMI),,,Roseville Electric Utility,City of Palo Alto Utilities,,,,
N-AA-258281,EBD-25-000,Initial Enrollment,Complete,Single Family,CBO Direct Outreach,,Test CBO Name,,,Duplex (2 Units),Farmworker housing;Condominium,Northern,119th street,San Diago,5,Santa,56985,Sacramento,,,500000,40,20,12,No,No,Yes,TRUE, Test Owner 82,Test Owner Last,Test Company,1112223414,test@gmail.com,3/15/2025,10,,,,,,Owner,Owner,Pay stub,,Very low-income (31% to 50% AMI),,,Roseville Electric Utility,City of Palo Alto Utilities,,,,
N-AA-258282,EBD-25-000,Initial Enrollment,Complete,Single Family,CBO Direct Outreach,,Test CBO Name,,,Duplex (2 Units),Farmworker housing;Condominium,Northern,120th street,San Diago,5,Santa,56985,Sacramento,,,500000,40,20,12,No,No,Yes,TRUE, Test Owner 83,Test Owner Last,Test Company,1112223415,test@gmail.com,3/15/2025,10,,,,,,Owner,Owner,Pay stub,,Very low-income (31% to 50% AMI),,,Roseville Electric Utility,City of Palo Alto Utilities,,,,
N-AA-258283,EBD-25-000,Initial Enrollment,Complete,Single Family,CBO Direct Outreach,,Test CBO Name,,,Duplex (2 Units),Farmworker housing;Condominium,Northern,121st street,San Diago,5,Santa,56985,Sacramento,,,500000,40,20,12,No,No,Yes,TRUE, Test Owner 84,Test Owner Last,Test Company,1112223416,test@gmail.com,3/15/2025,10,,,,,,Owner,Owner,Pay stub,,Very low-income (31% to 50% AMI),,,Roseville Electric Utility,City of Palo Alto Utilities,,,,
N-AA-258284,EBD-25-000,Initial Enrollment,Complete,Single Family,CBO Direct Outreach,,Test CBO Name,,,Duplex (2 Units),Farmworker housing;Condominium,Northern,122nd street,San Diago,5,Santa,56985,Sacramento,,,500000,40,20,12,No,No,Yes,TRUE, Test Owner 85,Test Owner Last,Test Company,1112223417,test@gmail.com,3/15/2025,10,,,,,,Owner,Owner,Pay stub,,Very low-income (31% to 50% AMI),,,Roseville Electric Utility,City of Palo Alto Utilities,,,,
N-AA-258285,EBD-25-000,Initial Enrollment,Complete,Single Family,CBO Direct Outreach,,Test CBO Name,,,Duplex (2 Units),Farmworker housing;Condominium,Northern,123rd street,San Diago,5,Santa,56985,Sacramento,,,500000,40,20,12,No,No,Yes,TRUE, Test Owner 86,Test Owner Last,Test Company,1112223418,test@gmail.com,3/15/2025,10,,,,,,Owner,Owner,Pay stub,,Very low-income (31% to 50% AMI),,,Roseville Electric Utility,City of Palo Alto Utilities,,,,
N-AA-258286,EBD-25-000,Initial Enrollment,Complete,Single Family,CBO Direct Outreach,,Test CBO Name,,,Duplex (2 Units),Farmworker housing;Condominium,Northern,124th street,San Diago,5,Santa,56985,Sacramento,,,500000,40,20,12,No,No,Yes,TRUE, Test Owner 87,Test Owner Last,Test Company,1112223419,test@gmail.com,3/15/2025,10,,,,,,Owner,Owner,Pay stub,,Very low-income (31% to 50% AMI),,,Roseville Electric Utility,City of Palo Alto Utilities,,,,
N-AA-258287,EBD-25-000,Initial Enrollment,Complete,Single Family,CBO Direct Outreach,,Test CBO Name,,,Duplex (2 Units),Farmworker housing;Condominium,Northern,125th street,San Diago,5,Santa,56985,Sacramento,,,500000,40,20,12,No,No,Yes,TRUE, Test Owner 88,Test Owner Last,Test Company,1112223420,test@gmail.com,3/15/2025,10,,,,,,Owner,Owner,Pay stub,,Very low-income (31% to 50% AMI),,,Roseville Electric Utility,City of Palo Alto Utilities,,,,
N-AA-258288,EBD-25-000,Initial Enrollment,Complete,Single Family,CBO Direct Outreach,,Test CBO Name,,,Duplex (2 Units),Farmworker housing;Condominium,Northern,126th street,San Diago,5,Santa,56985,Sacramento,,,500000,40,20,12,No,No,Yes,TRUE, Test Owner 89,Test Owner Last,Test Company,1112223421,test@gmail.com,3/15/2025,10,,,,,,Owner,Owner,Pay stub,,Very low-income (31% to 50% AMI),,,Roseville Electric Utility,City of Palo Alto Utilities,,,,
N-AA-258289,EBD-25-000,Initial Enrollment,Complete,Single Family,CBO Direct Outreach,,Test CBO Name,,,Duplex (2 Units),Farmworker housing;Condominium,Northern,127th street,San Diago,5,Santa,56985,Sacramento,,,500000,40,20,12,No,No,Yes,TRUE, Test Owner 90,Test Owner Last,Test Company,1112223422,test@gmail.com,3/15/2025,10,,,,,,Owner,Owner,Pay stub,,Very low-income (31% to 50% AMI),,,Roseville Electric Utility,City of Palo Alto Utilities,,,,
N-AA-258290,EBD-25-000,Initial Enrollment,Complete,Single Family,CBO Direct Outreach,,Test CBO Name,,,Duplex (2 Units),Farmworker housing;Condominium,Northern,128th street,San Diago,5,Santa,56985,Sacramento,,,500000,40,20,12,No,No,Yes,TRUE, Test Owner 91,Test Owner Last,Test Company,1112223423,test@gmail.com,3/15/2025,10,,,,,,Owner,Owner,Pay stub,,Very low-income (31% to 50% AMI),,,Roseville Electric Utility,City of Palo Alto Utilities,,,,
N-AA-258291,EBD-25-000,Initial Enrollment,Complete,Single Family,CBO Direct Outreach,,Test CBO Name,,,Duplex (2 Units),Farmworker housing;Condominium,Northern,129th street,San Diago,5,Santa,56985,Sacramento,,,500000,40,20,12,No,No,Yes,TRUE, Test Owner 92,Test Owner Last,Test Company,1112223424,test@gmail.com,3/15/2025,10,,,,,,Owner,Owner,Pay stub,,Very low-income (31% to 50% AMI),,,Roseville Electric Utility,City of Palo Alto Utilities,,,,
N-AA-258292,EBD-25-000,Initial Enrollment,Complete,Single Family,CBO Direct Outreach,,Test CBO Name,,,Duplex (2 Units),Farmworker housing;Condominium,Northern,130th street,San Diago,5,Santa,56985,Sacramento,,,500000,40,20,12,No,No,Yes,TRUE, Test Owner 93,Test Owner Last,Test Company,1112223425,test@gmail.com,3/15/2025,10,,,,,,Owner,Owner,Pay stub,,Very low-income (31% to 50% AMI),,,Roseville Electric Utility,City of Palo Alto Utilities,,,,
N-AA-258293,EBD-25-000,Initial Enrollment,Complete,Single Family,CBO Direct Outreach,,Test CBO Name,,,Duplex (2 Units),Farmworker housing;Condominium,Northern,131st street,San Diago,5,Santa,56985,Sacramento,,,500000,40,20,12,No,No,Yes,TRUE, Test Owner 94,Test Owner Last,Test Company,1112223426,test@gmail.com,3/15/2025,10,,,,,,Owner,Owner,Pay stub,,Very low-income (31% to 50% AMI),,,Roseville Electric Utility,City of Palo Alto Utilities,,,,
N-AA-258294,EBD-25-000,Initial Enrollment,Complete,Single Family,CBO Direct Outreach,,Test CBO Name,,,Duplex (2 Units),Farmworker housing;Condominium,Northern,132nd street,San Diago,5,Santa,56985,Sacramento,,,500000,40,20,12,No,No,Yes,TRUE, Test Owner 95,Test Owner Last,Test Company,1112223427,test@gmail.com,3/15/2025,10,,,,,,Owner,Owner,Pay stub,,Very low-income (31% to 50% AMI),,,Roseville Electric Utility,City of Palo Alto Utilities,,,,
N-AA-258295,EBD-25-000,Initial Enrollment,Complete,Single Family,CBO Direct Outreach,,Test CBO Name,,,Duplex (2 Units),Farmworker housing;Condominium,Northern,133rd street,San Diago,5,Santa,56985,Sacramento,,,500000,40,20,12,No,No,Yes,TRUE, Test Owner 96,Test Owner Last,Test Company,1112223428,test@gmail.com,3/15/2025,10,,,,,,Owner,Owner,Pay stub,,Very low-income (31% to 50% AMI),,,Roseville Electric Utility,City of Palo Alto Utilities,,,,
N-AA-258296,EBD-25-000,Initial Enrollment,Complete,Single Family,CBO Direct Outreach,,Test CBO Name,,,Duplex (2 Units),Farmworker housing;Condominium,Northern,134th street,San Diago,5,Santa,56985,Sacramento,,,500000,40,20,12,No,No,Yes,TRUE, Test Owner 97,Test Owner Last,Test Company,1112223429,test@gmail.com,3/15/2025,10,,,,,,Owner,Owner,Pay stub,,Very low-income (31% to 50% AMI),,,Roseville Electric Utility,City of Palo Alto Utilities,,,,
